seller_id,seller_zip_code_prefix,seller_city,seller_state
137fcd36ea7f494d91d77c9c01168fc3,49896,sao paulo,SP
65ab6fd0e7f84aca9cd85bb463f99045,61161,varzea grande,MT
4df7aff2017547589ad9f21d362c12e1,32877,blumenau,SC
a878cdf3d176431c92bd7aefaf10b7df,40318,brasilia,DF
26c954a81c3542acb1cbf8cf7f302307,86686,porto alegre,RS
956189ee4fc74d9588c76655f275996e,13255,sao paulo,SP
3cc4f193426347789f944b1518a26176,50710,santos,SP
db1ab1183d424bc1a620dffe04f48558,73443,brasilia,DF
c06d687d32ed4d08b4a5282c5fc0d593,08355,santos,SP
bebdde8ac99849f381989c640af4e699,93123,sao paulo,SP
fa88837e50ac4dec93b05891a237dd7c,11837,uberlandia,MG
4a9758a3ce3a4f6db68b9cfe946c7927,57873,duque de caxias,RJ
55af331af11e42dd82c6495caf79f98d,75167,contagem,MG
8dca3a40df264480bd51e4cfda5110e0,70226,rio de janeiro,RJ
56a5a45fb490430d8aaa14987b04c1a5,31115,porto alegre,RS
3a5ece7828794c9bb2d84648fac0b152,91739,salvador,BA
3785c532728f4c629ccc26b33216a6ef,63324,ribeirao preto,SP
e777b57e118e473ca42a1c00687a6633,07102,guarulhos,SP
11aeb8fb4db441bc9442a6c31ce200bf,90709,rio de janeiro,RJ
b32bb2e68e204841b5f355f7b804b632,72176,caucaia,CE
f84232dfc0c84075b847641a84f6694d,87259,ribeirao preto,SP
b6c18450241a4a66936ee0925321d707,24508,sao paulo,SP
218f8af71f2a4eb2b773d45f7cbd0e51,03052,contagem,MG
3807464418184ef3a5be684fa5d3113e,77943,campinas,SP
789513c0942848f7a19e80dea7e656eb,99599,fortaleza,CE
cd454398b6934861bcb4e25946c79686,11084,aparecida de goiania,GO
be53da617a2c4b86a21d51aaa473d24d,22292,nova iguacu,RJ
7c65a3a4dd704838975b28fced498eb3,75277,uberlandia,MG
c5b1ab7573d44528b0f5811c85970d01,89740,santos,SP
b583ffa688414ca68f43175cae8454e6,51311,pelotas,RS
7869156743ff42b785c8abce8b2b4241,91349,caxias do sul,RS
b843bad87c3048a4b92490f0e016ad4f,66639,sao paulo,SP
75acdcbe16f247cab339c77a88f72df7,08038,guarulhos,SP
5ebb2afdcbad4237987584681aca80f6,58290,vitoria,ES
7fd22b9f82024fff952e97ddb4687a4c,10963,niteroi,RJ
39bf6c33f04a4da8ad47a2b065fd63df,80320,contagem,MG
846565cf485240c286c6c43c1116e1f7,79067,ribeirao preto,SP
1ca72715f19d4f6fb7cd5a9b2f162a3f,43778,santos,SP
6d82721fc4404ad293d44367b2c9a0af,84115,florianopolis,SC
346acd6f1c744c34a8e3da03e60c7129,60054,guarulhos,SP
7d14a3cc916243e899dabaf59ba9c8a2,30902,juiz de fora,MG
7d4d69dd99384af4b4c175f562f2b833,73487,guarulhos,SP
a56f80561f1441699dda3afaaa4ccfac,57603,santos,SP
34fc17124a0a418b9f9a1f4b2a7b0fc7,90088,vitoria,ES
d91a433652c54b8c99ddde8ea3da278f,12232,juiz de fora,MG
a33c3ac1d7a34646ad5546ea5bfdd604,33302,aparecida de goiania,GO
bbe8e2e916e64e6493203a9ae02530bd,11752,goiania,GO
874305ce8ea34ef5876cdd60d9b97415,21214,olinda,PE
44567c4ee9d34f3898ae29ae68ba54d3,94280,aparecida de goiania,GO
06e42d27f78a458b83c88f37980cac4b,97948,campinas,SP
fc9423c7e0c7440a8911beca31973f6b,42507,olinda,PE
7d8a51dd3514460d8fdfe76c24a0d4c9,14965,guarulhos,SP
7055cf786b43409fb169b0a02e4683b8,01680,sao paulo,SP
db56f82f357549ea9194257f3aabb264,59292,guarulhos,SP
c1b1a12696d546a69061ab9a77260d7f,36358,guarulhos,SP
74d37372c01a4e8b96eed11c7a0566e6,18367,belo horizonte,MG
e3bb38cebea64ae4afca1c3b7a1f32b6,25561,sao paulo,SP
58de3bfbd2af4076ab0d3f447b35e80f,59830,santos,SP
8a4cd9bc64174d069a5080395759e85b,14538,duque de caxias,RJ
05fe69a0a00d4dae83d44e194597d074,12746,rio de janeiro,RJ
c6bea3b69ff348748699ccaed045e498,73642,maringa,PR
16ec67d05002452f957ac9e8cf39d7c0,79240,sao paulo,SP
738f1ae059754c88bfe6c46bf32e6fed,43523,ribeirao preto,SP
3174266c87d34936a11cc32d210ed497,02617,santos,SP
fec99514a5ab4f798cca7993bcc602dc,55238,guarulhos,SP
d1b7082e461a4e2885d6e1d3865f0f99,12101,juiz de fora,MG
d51a6abaa81a42978d9a4c44996de6be,75967,niteroi,RJ
a148a93560aa41a8994b801c2a8b8a82,23227,ribeirao preto,SP
8a32a4462fc141869e227e3dfe35d32b,23216,santos,SP
57e519e7e90545a592c567dc4d8213fa,36247,campinas,SP
cb26e42f17d340048e7173a0e55ccc8c,36180,anindeua,PA
543f03a86acf4d4d8ec25318568c2577,20127,santos,SP
07b1979e923f4bbda397b535f3872af0,22916,florianopolis,SC
67d643dc5fb94394a55612abb3cfb52f,37170,canoas,RS
1fd8fed3b8084ac29b49733deb56a86e,40289,santos,SP
db10cfef33654a27b9f6e6970122f189,11082,dourados,MS
3c6e210025324c768a3b68977d7f013d,33990,maringa,PR
67ab5d94390c47e2b3709830e14b1a7b,95489,caxias do sul,RS
5073605423004cb68de7a625024e0c24,78831,santos,SP
8be7059437c74f409e9f3e037104ddee,61012,uberlandia,MG
6a716845047346559f09aee100d17b3f,18758,sao paulo,SP
b355afdacca844bdae8d8a8af5f138ef,01887,guarulhos,SP
1c33695b0fe743fb99efa866c2eeff99,44544,feira de santana,BA
f20f9a60dd5a4433ba4c06368e49dd39,44193,aparecida de goiania,GO
fa2320b75cce4272b430bf00c18698ec,44874,santos,SP
a9d5eb86403344d08e3dde2d9c4115bc,86332,joinville,SC
0a7538fea2d34e0babd5772edf57407a,40378,londrina,PR
523c195280484000ab61d2090e8ba0cc,80064,guarulhos,SP
a3725618ad7049c4b4721376b76842ec,63784,niteroi,RJ
33156e2a660846f2aca448a3600233ab,24283,nova iguacu,RJ
44572f0c6b13447f98d4c84f2c434a82,42830,ponta grossa,PR
59b4dc0a41f04755997e90c89c8f00ea,97321,feira de santana,BA
ed853520899b459c993e559ed9fc499f,76481,santos,SP
ec5b3726782f42b29f7bd18e467ac83f,43714,uberlandia,MG
291a9c9f62324888ab8918d5ad83d0ef,37739,ponta grossa,PR
1434b1143439455aa208e759fdf914ff,48843,joinville,SC
ce23c69a56eb4800bd6636110119e3ce,74905,sao paulo,SP
6c8d113b84e64ed1950e28d7d59c6234,78624,niteroi,RJ
f4098a32a6914689857cba00c53b1c78,24583,vitoria da conquista,BA
e3fe91d0b2c842c1861ac51adc009b2b,04527,ribeirao preto,SP
33d3eb24a314461084b82724d02c492e,93847,duque de caxias,RJ
e63a2d1e53cd44fb91d2e38945daf407,58469,florianopolis,SC
7fe0009424094696a4baf6c03e7c2fc5,91811,guarulhos,SP
7f41d5ece0554a4c819a902021412d4b,54627,salvador,BA
5e431d26b34a4dcf8409a797f21cfb23,19242,santos,SP
baf4cfa52bf644b29e574ae5b6bd6cf6,32722,guarulhos,SP
677de4a48e7f4efeaf8246c4bf97f1e4,87332,guarulhos,SP
958aa192d632409d8acd29c450853651,94747,campinas,SP
e2406f3c3c6145de9d32a8e885d966c4,50412,santos,SP
8c4f7019325f4a38b2643e77dcffe3ff,59860,porto alegre,RS
ab0a64608206465d9083cef3f3e451d5,63814,ribeirao preto,SP
16e3c5cccac44de7892ebd4b098a193c,53534,jaboatao,PE
7fd82778c7bd4dccb19b724fec89b5a3,72256,duque de caxias,RJ
f6c9c9dad44243528b3baafe0049c6e6,48124,rio de janeiro,RJ
e9e32f7f83c0407397ee136f26704e3c,15335,rio de janeiro,RJ
c6a67ddfb07f454ea4f7884b46b6aba3,87193,caxias do sul,RS
4239e106e17640839cb07ac5c41f9c24,22802,nova iguacu,RJ
5268f7f14fef49568af6dd85d1a6a2e4,06806,ribeirao preto,SP
dbc5466e55194b8881ee0506e5e8a9da,99655,brasilia,DF
ce407f18a0a0416e92dc48f2bf0a1d02,57420,nova iguacu,RJ
ce8589bf6c7341029089fc2da694bb3a,02382,sao paulo,SP
7cfee8dc369944e2a9a0f35d84182e40,34913,rio de janeiro,RJ
9f523d3bad61440ead6bc3d967eb11be,67935,uberlandia,MG
2a4d220d62a740df992f560464bf8f95,74137,ribeirao preto,SP
6c2d2f1965b9418dbf87c53274380ce2,91133,blumenau,SC
9e42bb8b85684d4e9a3f3e9f2b05777a,59429,uberlandia,MG
aebbc0d9c3cd4555a278755c3709ab75,52266,contagem,MG
e2925789acda46a4b1550833a9f64c29,90070,duque de caxias,RJ
63310da2d92f4d4a8b87e3512789765b,46215,fortaleza,CE
38f20a71a7de49e89b9af88c973f8bcd,64277,sao paulo,SP
6af2eda939e84fb3933a9f1108973b00,39722,belo horizonte,MG
5bd5957a570447aa9170fc763636f810,12253,santos,SP
59b420ff02364263979e397a1fb6c3e6,96702,curitiba,PR
329839c1e9d54f9385e603edd2805536,46656,campinas,SP
76e7643764824483b8fcaa8530af7148,45966,guarulhos,SP
8429baa9423f42078e706419a6b62dcf,28114,joinville,SC
b66b3bc1b2a7429fbf4fba5bad64fb5c,46652,duque de caxias,RJ
cd0e8345331f457e9cc92a806bdd4575,13795,santos,SP
3f04581a63d949a895960f61e60420a6,95633,juiz de fora,MG
a7f190ef8a1a423795c1ea54273497ef,42800,canoas,RS
8df649dff5524a8d9b8779c0351cfa57,40356,sao paulo,SP
6599af1ad577446db707108ff4154f7e,94163,sao paulo,SP
fc1441a2b6764dc6bb5ea3dcab900b80,03960,fortaleza,CE
76b7349ba5cd4711bf4b3972f994b1ee,85930,contagem,MG
19796c1b42af42e9a2851542fd663dd6,89754,sao paulo,SP
2f20a537cb3a44738e184d5d21692b41,98057,florianopolis,SC
6d74f29415e84e459923980c91e590c0,68632,niteroi,RJ
ef9431f01aff46579aa3db3880499069,73339,campinas,SP
473fcbd4711a450b8a33319497f8d1d4,44383,campinas,SP
3f7f467680bd47e599478ff69fa59187,56885,ribeirao preto,SP
9434467c66594f30abed79ec5719e729,31389,feira de santana,BA
0d030e6187854ed9b8e69ebe55574ca4,83543,santos,SP
a8588d22f00945f095d5ea0ae72a4d21,25430,campinas,SP
97939da13d0d4b7a9593477d7ba05964,52849,aparecida de goiania,GO
32e26fa0557145c6ab6b017aa37c9230,97650,sao paulo,SP
1e746f687b6348abbb3f8a8f48b212e7,59926,uberlandia,MG
420a732e038646eea2e079f385f62341,57302,ribeirao preto,SP
462847f55e994d8c97e772de366e6315,01583,juiz de fora,MG
502141ebb6d347b7a0c454c947176cb2,27972,campinas,SP
d9761af9d85d4a1a83c70e3ab95e96e5,99608,guarulhos,SP
fb811688d7cc47359130496816b24bff,76674,belo horizonte,MG
7d7d6bcaefe840cd80d1374d96d61bb9,71371,porto alegre,RS
bc3f11cd362d4bcc80f1e76213b93de7,48945,caxias do sul,RS
f8acd279bda24382ad80d9180036e13e,26830,contagem,MG
8c7e122f5bff4eb49262142690103838,15936,duque de caxias,RJ
481efe73b36344b9a738e102959acd68,88910,nova iguacu,RJ
1f602ef6818f43c18cde24b5b14cb5f8,70168,juiz de fora,MG
6fdb9ea812ba47acb337b303b300f975,79246,pelotas,RS
872af7e4b9394eaba73be39e33528987,81125,juiz de fora,MG
00802ff1581c41428bb5303074ed0ee2,77939,juiz de fora,MG
4ab04ecee91b4f13ad3ed88e5e33a5a8,46603,sao paulo,SP
999f2d651c094a7885692096fc88d3e0,61012,guarulhos,SP
c65770ee451e48a49a83c1ef1a29e333,23613,ribeirao preto,SP
c349bcfef91649d4963c415c01cd84bd,93535,serra,ES
afd6652fa2204525a20b01420bd27923,81541,maringa,PR
810a7d35571f4c56a5200730180d1869,89094,belo horizonte,MG
d3678e992bba4195990415d4c0614751,42049,campinas,SP
8357b2b91b944713af495a8487e9338e,32270,sao paulo,SP
44e0e98f9db84ba1a2b8f88b38db7fbd,16328,aparecida de goiania,GO
7a101ef222b14dcba85167d987418323,49929,goiania,GO
04d92c0d1d9f46979e7e745aa2a1a51e,67954,campinas,SP
04eae854143f4ce985dcd71ddefbd29e,55819,joinville,SC
07aedfbbc7ee42a1b8eb240e5550d3ba,76340,niteroi,RJ
954c009ba0834c9ca3ccd29d4cb49d50,56448,santos,SP
af5cb6983a854ca38f2684867a226139,64788,londrina,PR
a8daaefe384f4f7b8d5fb43dafb2dfd0,73733,uberlandia,MG
1143fbda737247e895b239836c95c6e4,65178,florianopolis,SC
38f494289c684404a6827241f2ef4c59,19388,guarulhos,SP
57be4c9dc61a4007a05e7d9dc79cb6da,42232,campinas,SP
6a0775cb326e470694570500ff95a0d4,82187,santos,SP
544dc55e473e499c999dde078db246e9,48059,sao paulo,SP
a0b31c250be349999ffeee528edd6de8,64518,rio de janeiro,RJ
1525077f10cd450fa5207446c8b72664,26575,campinas,SP
780780c5eca74125a132154c688294a7,74607,duque de caxias,RJ
6ab4d371c3f6454cbea3b34ac7e1655c,86599,ribeirao preto,SP
7638abc42d4b48f1bb6f170578ca5909,54626,ponta grossa,PR
31c95dcbacc14600b730bd683353cafb,55477,juiz de fora,MG
5a6a4f88fb6e4edcbbb93b5e718be356,65054,juiz de fora,MG
6f3d65e3a1484d9283cec6f17675727e,11835,campinas,SP
e16151ca7c204615b265fa27cdefc8c4,05044,ribeirao preto,SP
72c964655ef3472a911a9e3bf4fac411,39284,campinas,SP
e6ae13f2a2c84756bac6f0b956042cd2,37025,sao paulo,SP
b181041aa2bb4afab708d2286962e08c,71465,campinas,SP
732a6d7695ba456e9e352146e5bac318,23047,guarulhos,SP
bf6eb78ed52643969d15fee41e2da62c,75140,juiz de fora,MG
69aef97a67534677b92f0092ed52a9ee,73053,dourados,MS
9c5985ab3c764944b8be9aeaa06f9f78,15838,ribeirao preto,SP
723973fd09ae47598209ab66af091b1b,15969,vitoria da conquista,BA
4047fb6c6d9a4e6ca4ed98c3001fd82a,72186,guarulhos,SP
30b6e5aeb5d748fab8ac72275807c0a0,72046,contagem,MG
19af4a7ece1a4b45b1bdb4f56c43301d,95238,belo horizonte,MG
375a5092353643258aeba9d0bbf8205c,72611,aparecida de goiania,GO
ae929224921a48f5983247b3ac6e6f32,56725,campinas,SP
e06447a5488c40ef873ff158f6da5889,97467,sao paulo,SP
634c721e3150435b91aac3bf8634b259,40021,campinas,SP
4bd9f2bdb67f432fa22b768107aa9181,59947,sao paulo,SP
3e3fa9abcc01492f94558d0648159a90,46688,vila velha,ES
4e9b71c4a6044c12abb112078202bc02,58549,florianopolis,SC
3eb8316ed04e462c8f971370f63ca399,32056,porto alegre,RS
a66b8fde65b44e16822c89c1e2258b3f,97680,niteroi,RJ
c37608f4ce71444cb4aaf102e059e802,94159,brasilia,DF
aaddd0ec2f754c31a19bd726685b5a53,22755,duque de caxias,RJ
29518e90fdff4e5b8f74b3efefb1c33a,19249,ribeirao preto,SP
50ad039596bf4c379e2c7ab81730e6c4,28124,salvador,BA
cb9e7b81934c453da9043648498536f0,75720,sao paulo,SP
f629e5dd9c8542c9a99087d318f56830,70767,guarulhos,SP
0bed54d6353d4fbc9477e5a85ff686b2,79231,guarulhos,SP
e2e60ad2e2c949fcb601a833564424f8,43421,uberlandia,MG
754aa9ac4a0041e1b89241c5dcba5ccc,38923,contagem,MG
71bcb1085a064d4da29b7ea84420f45d,36041,ribeirao preto,SP
a231f380c9a24f3caf21d871c73f1da8,18771,porto alegre,RS
ee60f9d9b1174ec88dabea6169c64e55,08770,ponta grossa,PR
a559729dcbfa4db99614a3c797e22514,86969,vila velha,ES
6c3b279b89804da79675e4bcfc932706,92937,uberlandia,MG
f4dede6ba019474a89187fa3c1f48a10,33725,londrina,PR
0f07e0846a624410b11b63cc3ccf546a,94243,londrina,PR
7a0ceb90df93483ca4c2ed8281ba131a,33447,guarulhos,SP
d5c2bebeb1444006b05c241c0e10af90,65154,santos,SP
7d821ab95e7f481da97e0a92ea51bc4a,76684,niteroi,RJ
a6c3512aa53e449f8174e606d68e07eb,83288,guarulhos,SP
69c8f6a5e9254edbaefc2702a010d7da,50174,santos,SP
c87e3cc65ed44bd1bc0c3b5f689b98b4,10898,duque de caxias,RJ
394cca0af03f4f9da50dff15974c3868,53802,sao paulo,SP
a3aefb8d025846d2841209a357f9b1e8,99278,ribeirao preto,SP
7d3f46b8faec457ca65b88b9476ca8df,92056,nova iguacu,RJ
226dc5547b9f46a78a78cf8f1fd65732,60597,maringa,PR
b2ec7ee2a08f49d78e2fc2a85fa7c3ed,43898,feira de santana,BA
4455f094b78a45c7a0fe25111b213132,97039,rio de janeiro,RJ
6e63add0adb64960a8dfe5896008d5b3,96804,rio de janeiro,RJ
fb1912dbfe91461587b3a06a27766794,84209,santos,SP
e8ef0a6bf89b4bad84c6a0d2298ec3b8,09300,guarulhos,SP
2080db906f51458f98dd27d30d38284f,53129,ribeirao preto,SP
9456f82b04bb42cb9544510d09f88b48,57314,florianopolis,SC
317b79f36ef64c58ab0505cf1b3d92ad,65843,niteroi,RJ
bff89a42503147e098b24199c0cceaa5,43318,joinville,SC
290f343ae58046a1846eff0bf64b90b8,45270,pelotas,RS
0ae8926bc76440258d1d574087d005e3,76750,ribeirao preto,SP
82427a4b228f41ae9a7c0b3c46b96892,75205,niteroi,RJ
e5e9b99fb199445aab229ccfcf698053,46054,duque de caxias,RJ
6db9b178bbd84eb2bfa61840e45dcbe3,07021,rio de janeiro,RJ
f0785237e78a48aba0e509686881cd45,83074,rio de janeiro,RJ
aab7d8419d3e4399b26c927cc799f06f,03134,varzea grande,MT
f136a3a7a9c0438f949b31b43125abfa,21707,florianopolis,SC
36c365ee6cad440e824986a2c054a650,60836,aparecida de goiania,GO
ddec9e8d9c1345aaaf51c13d87b9b069,57072,sao paulo,SP
5b2c9800be7b44a9a6c77581204cc76c,91255,campinas,SP
367e10047edd41639b1e0d79a282cb66,86196,campinas,SP
9ffe73ce14c74f128bde42ac678b5949,21837,guarulhos,SP
a9d46f77ac394be9a4ef8225139f2e02,13234,nova iguacu,RJ
9a4d37c6cb52447ebc73e920cd3ce888,33819,contagem,MG
a7eac30b606a4838b814ff151a5f58cd,49738,rio de janeiro,RJ
656b78de7c4746e085f13ad64c320a56,07787,goiania,GO
535f9624a48e4efb9bc14522a26b82b5,82999,olinda,PE
ed000d26aa064624b60f1eb4dea6377c,96156,guarulhos,SP
b516d0df081543d58aad4f67e3fb9f94,99989,vitoria da conquista,BA
3dce760d61a64147bcf4f13673e99ac7,57260,niteroi,RJ
3959f0b828634644a3afe2aee86082ab,93235,rio de janeiro,RJ
f6a940e3157b4d52a13cbf8235919dde,01142,florianopolis,SC
8327ac0b5c2245ba8c6fdeb7c4d65997,63496,campinas,SP
7b7cd5e181c34f86b4e3ccb03b320e12,18393,brasilia,DF
0df06d6de3e047f8bcf6a11b22bdaf95,69084,caxias do sul,RS
234116f84e904c179c2bbc4331c499a7,02217,brasilia,DF
260a5c52255e409cbe1bed7670574d79,92173,campo grande,MS
9b45a1b52eaa4c2a8e1c83022209c488,16806,nova iguacu,RJ
ce806951ab514759860c5833fc3ecadf,91968,santos,SP
8528db702ceb4a79be9739df7809c5b0,63613,campinas,SP
142b3f1a87e646da98e9e55c618f55a2,31008,sao paulo,SP
199bfbf8b6384dc1bda590a7be912c4e,12708,santos,SP
1352f2d800b04b1db009c3f75504ef91,14425,blumenau,SC
550d6b2e038845e696c7c613c5bf9ab6,42071,sao paulo,SP
a67d9b9905a94980b4a58e5428c61ac0,40223,anindeua,PA
44ac06be60354b05a8238642c0b340f6,51164,caxias do sul,RS
3f3687e510c346b8b2c8d059c075e169,85092,campinas,SP
6f5cf92bc2de482f92cdcd120525f122,09966,niteroi,RJ
d565699ad6e94176bfaa30d060249132,80995,rio de janeiro,RJ
4cf6d68d05b14169ab098e642aff21c8,58684,niteroi,RJ
9369c3706b9c46b3b6093336e679dfdb,95690,nova iguacu,RJ
fb25178e80c14a1caea94a922fc35937,83323,campinas,SP
8ea1fdce320a45f9948befa5374485f7,54963,caxias do sul,RS
55e359a982b74b149c1884edd1121852,29474,duque de caxias,RJ
fceb703e1fa64d929c2cfad24cde7785,14168,florianopolis,SC
9943f5b6c3f34a8fa8a8b63e3490bb3a,99624,florianopolis,SC
dafc10485a724f62bec4bf3458c337a4,78276,sao paulo,SP
2d7628fe7df6418daee50e867e06bee4,47076,santos,SP
591428c6fdba4917894dce85abb16e20,42222,canoas,RS
0e8a17de429d4229b3076e6fcb923531,33477,belem,PA
3de82939f260460ca6059aecd5c2258e,85491,nova iguacu,RJ
cde9c0a118784729a5cfc246e5f64e8a,33527,sao paulo,SP
4e8c1300632a40699f436d33cad941e6,79774,ribeirao preto,SP
34c2e205daf64460a087f9a67c035754,95526,ribeirao preto,SP
232e42aea2134884b18559f9f81a35ac,38345,ribeirao preto,SP
f1e14fedaacf41abade83822d62c0ee9,87298,rio de janeiro,RJ
ffdc8b7023d84cfb959952486c8ac84b,27928,contagem,MG
e3208112c1dd421b830579ce493182e5,80551,ribeirao preto,SP
388c2237224a4d1fae23fc4a0dbf15c2,25726,ribeirao preto,SP
468972a882c04a5db5d3dca4a393dd63,39737,santos,SP
59728e2600bb49e4b382a2d1f10d4827,08152,vitoria da conquista,BA
144b1eb6d83845c6861bac510267f483,65865,niteroi,RJ
d809bfe106ce48e980b524d6179a6c64,15777,caucaia,CE
72f6d705caf04f3ba87ad474c040c98e,66481,niteroi,RJ
4e4650cf60e34284bc1b5a3e7ac0b4ac,10307,ribeirao preto,SP
f8e7e4db5b6e41c6a1c9599eecea7606,02581,ribeirao preto,SP
ca3df1e8aebe48c3a43e0a1e1a2f8396,42480,pelotas,RS
6200bcead21b4d549a8019411db5c848,51703,niteroi,RJ
4863bfb73f0e4060a5e25d23227349c8,48895,juiz de fora,MG
7b1750203b81411fa5b82fd7f0752820,62736,londrina,PR
ec8908f5eef142e1b4eda0336b5f3127,03187,porto alegre,RS
6a4369f2f4f641409d1596feed19cb90,09851,ribeirao preto,SP
9ba8f2a2beb24c8dab8aa205bd547400,35365,florianopolis,SC
b76874289ed94e29afd8926ecc805ff9,06220,niteroi,RJ
45dc62587c23480ab33b8ce8d33a303c,53163,sao paulo,SP
cf0ae2d451d843ac86e00d052858deb3,83388,nova iguacu,RJ
adf0b9f8e0404625879b66a8a00903c9,56518,juiz de fora,MG
9d651f0ce069432d9edb7b49bad25b24,11803,santos,SP
36db4a56e17f474abae9d327160eaeea,71471,ribeirao preto,SP
4f4b732d42034e4dbc14f257990fcae7,21012,ribeirao preto,SP
6b50b2493e384f15a80c34481905f578,11957,guarulhos,SP
f09c3c2f378f4ca5b5191c2d7fa001db,11357,guarulhos,SP
c9895a3fc8ab4455a8df3978e5d64e5a,27633,ribeirao preto,SP
f5b1bd41d00e45b8a9b8acad10675de8,71305,campinas,SP
7f5a1851cc9a416d8d2b852d5cd520db,52213,guarulhos,SP
d77876364fe94d98aa6921a4d637502f,41654,goiania,GO
11ed651204364b86b4bc10b6e9ff9ab7,96677,santos,SP
23b2522979d642a183f90156f2333e2e,08589,campinas,SP
78ab3e3bf4b04ed28d9fb4d48781b19c,12300,campinas,SP
178296d719c2447797aac68abeca5860,16202,joinville,SC
f0d79079a36041dbb63914a7a75e09a5,81254,santos,SP
896e2ed724f8498984412b38ea685c50,08212,ribeirao preto,SP
5e2c0e338c244315b3d8a90a5c31a96c,88304,guarulhos,SP
717dd20c19a743d4ae6bf6f43d97ac9c,16655,campo grande,MS
64aec6aa0ca041828eba770ec6e63373,93785,belo horizonte,MG
ce639f4bd84e4c6baf793066413dc295,92946,campinas,SP
0902897f673a4b21b1efb6c94bbb1131,22473,sao paulo,SP
efe4c3b2428a46a6a01d399a7d027998,46443,santos,SP
2045614559ff497b86147002c61dbddc,68793,ribeirao preto,SP
e6b0ed1d7fb341c3ba0165a879603a0a,34980,blumenau,SC
692f5d4a50d4440383f98c78a68a6650,49741,niteroi,RJ
44a6d71a57274033a1cff4d181de0b1f,99274,uberlandia,MG
b677530d2cb64cebbe1acbdc63228f1e,97067,guarulhos,SP
cfd87c069ea946999dca2ff683c39751,04847,belo horizonte,MG
7986ab91bffe40ae9763f270d259b294,57272,guarulhos,SP
626a997a6ca046579d27f524da2275b1,69662,guarulhos,SP
0e02a3404e25419c9699f0094bf05533,35465,belo horizonte,MG
cfdde2d9bc2c4c1dbf7c3c11e9c8d579,83251,ribeirao preto,SP
c9b44eb759744153b93d5c19149fd4a8,66031,belo horizonte,MG
3d4888bad35746cba56b13e934722b76,67949,feira de santana,BA
f8434654ef084adf98b1f523d266562b,08266,guarulhos,SP
76bfce972d4b40e5888314b7a872c010,75302,aparecida de goiania,GO
b2a606cba94d4a1abc4d6ad301348f14,49193,campinas,SP
a7a5d1531caa419dac2bd904bd0649b3,34438,campinas,SP
1c5b75206c334233ae84fe7e9db29b86,76223,belo horizonte,MG
a45f07df24604dde85df649ee7a0eb93,30937,belo horizonte,MG
edfdf3e4869544688761a294729d7651,01336,ribeirao preto,SP
687ff9e912964dd8bb3bb7e6cf11c250,02610,florianopolis,SC
0dd0817b90ce45f1a9606237e3b36f5d,07026,belem,PA
acb7b88a2a97465ba19872f35c6b27b8,48707,santos,SP
d51ebb6eeaa7417da06b41337ec1538a,20671,aparecida de goiania,GO
ad09172efb2a44ba998b8de0db497a32,05635,uberlandia,MG
5a9bce63e145486d94d59d92d4f1e5da,94588,jaboatao,PE
051ab6ae65ab4cc2830adc8665cabca7,30427,santos,SP
2b95992f0c2346488cd3620de3db5bef,33540,joinville,SC
163678a1eddf40399cdb9266c0aded45,95409,santos,SP
ced6cfb1a1894e0a86b37adb4352c7f6,36554,brasilia,DF
bfb48011b9574a8ebbf93269527e5a16,75912,porto alegre,RS
dea7d32c1e18407cb2c30df5b22e9c28,16650,guarulhos,SP
89b12c35aa5b4cf59b365e86229b47b5,89254,ribeirao preto,SP
ba4fb446e6b742e9bbbe04b4aaa7bde1,24507,florianopolis,SC
8e26c743a9d1449f99d5507a0005b334,68603,uberlandia,MG
b3aa181eda504431b1445cec0ae353af,53550,sao paulo,SP
8a8999f7d525438d9e9ba6f6503f5f9c,61960,rio de janeiro,RJ
74d1805dc81d4642895fb7864e60371b,41723,feira de santana,BA
49bce4110da8449f8b3c6a67a9343e3f,12322,guarulhos,SP
5e2e7a39aeac465ea4bf081ad3d00904,60866,ribeirao preto,SP
f0352ecbce534c03a0d5aeeae7ffac21,49354,vitoria,ES
7941691e590348cbbe84b1591507d3a9,39219,campinas,SP
39be045fa5a84512b52aab0e420ff059,40834,ribeirao preto,SP
2ff2419e66c34297a771c5f9223e7fc2,32795,ribeirao preto,SP
933314dbb05040ba8dfaf02841e608b1,49270,aparecida de goiania,GO
9629735ad5d34d459ab477cab81fd269,65665,ribeirao preto,SP
c85cf7a70ca6467e90f23c14c0236a5d,97005,uberlandia,MG
27f2c72f13624fb590ee3a3dbc97afaa,20735,brasilia,DF
32f75b5c717147c8b47e5f9542f14479,54744,sao paulo,SP
4fc6e40813304c7bbbdf181098f1479f,31539,salvador,BA
d16ea7430dbd4b6295d4ec3127649ae8,46406,ribeirao preto,SP
8c92ca22819b48439d4a6885d70809d1,44911,belo horizonte,MG
6324a03c5a774cce840594a1cc8c93fb,87154,sao paulo,SP
61a8694cd80041c394c269af0f7f3a5a,97741,canoas,RS
7c908d9f2e714ef890cc5286dac37c16,14624,guarulhos,SP
efc8a1e9fbd34d00bd8d73e0d97d7f2e,70443,campinas,SP
469dd3655bed4df3a1ef889951a36605,56026,recife,PE
676bc64414c34ccfbc1601bc9fa910b9,08850,santos,SP
34151f08677e4df5bfe5820b1a72d1a2,94277,salvador,BA
9427a4e0b9e041ca8026ce84bd97b9cd,13193,guarulhos,SP
533743d1e4854a829576a3e53d372858,31339,sao paulo,SP
01d747abd11c4443a8e1632d17950525,55140,vitoria da conquista,BA
8c6cc0a8186c439e8348d03083eda4f4,61091,guarulhos,SP
a1523d8caf494176a0863d9a4b6f8188,77122,brasilia,DF
17ca51f9ac6144488cafdebd5208004e,67247,rio de janeiro,RJ
e40f6a5337dd4edbb989647f0dd4e8f5,84521,campinas,SP
5f635782cd0d43938015237938bce7b9,10808,juiz de fora,MG
4bced17c59b94cbc9319d6098cfddac2,75425,ribeirao preto,SP
e2c998feb0d441b4b6048ef88e16763d,58014,sao paulo,SP
e519240caf934b84b3876d569e637ba1,32034,londrina,PR
60c77115317447e8b15eefb185f34668,35208,guarulhos,SP
b8f678486c4745b8bb5d8c6751d4c63e,52505,guarulhos,SP
74bccf4a1d4d44f1a7eba504f4d13c2f,97384,blumenau,SC
6ec5f9db44ba461ca098f499f7b72462,42688,joinville,SC
91301179a8ee432b82cf51c4ac45cf45,36645,duque de caxias,RJ
64349399e1674bcc8d8c06c76c906b40,10789,niteroi,RJ
1ae06bb52b7344a2bb4b48bd552b7065,18840,caxias do sul,RS
ed87f33858df4dc3a2ebe3da16bd9034,21369,rio de janeiro,RJ
d57155a8178943df8c123bcf18b5e62e,22544,sao paulo,SP
4c58469c10914d59aa1d0510e1a8803b,62086,dourados,MS
617337fb717a4031a887f2988d1d5c15,54282,guarulhos,SP
5376847c94b04cdfac96610756c997d6,71244,belo horizonte,MG
6bb79034ecb343079c1c1a3665d0cd77,28215,brasilia,DF
89a14940dc73470d8641058d4aaa5b83,41410,canoas,RS
3504120528434ffb8a4b23b63727d018,35735,brasilia,DF
e00cae248c0548a391b6f0bc585b6a86,12851,sao paulo,SP
676725f0efc8496fa8a2818c6acce2ef,90922,campinas,SP
0ac8a42696924cf6ab6739b4e289ac90,93367,feira de santana,BA
23c609a6899249d2927e7bc820e82eb0,06286,ribeirao preto,SP
fe7587b7f7dd48779d9cf4a99e47f5a7,43964,caxias do sul,RS
df4182c4910a4ecba5db7153b7d7eddd,12955,campinas,SP
656adc9f8fd047b9b907c442d04dee49,47627,londrina,PR
af754bb46d014bb68420fa73d1060a3b,68300,duque de caxias,RJ
b23437d300414c6e9aa9429944bda5c6,89759,sao paulo,SP
21934bc67fe94852b2df2ae77a823eac,35100,nova iguacu,RJ
f7f6d998db58474c8649ac63b4258fa9,05073,caxias do sul,RS
1f60033deec942469ffdf10b8642c075,60270,santos,SP
b1fc58c2578641ab9e93e76686071dc7,13415,uberlandia,MG
1a904f98e530411eb21f3c1d0484a767,14357,duque de caxias,RJ
5fecb63509ef4f46b0740a1fe3cc0f5e,16919,campinas,SP
df29a5783b5b4779a39aed3152259656,09083,curitiba,PR
d4702f499881411f93794124f2da3176,18133,campinas,SP
c9087ef12a184d4c98ce7f184451a133,53505,campinas,SP
8d7fc04658174e1ab14c922dd681fa1e,90952,nova iguacu,RJ
f41c2a5e21674b508831aec3aaf397fe,77326,porto alegre,RS
7986c88248154f11b0eb9d4b5135e27f,34924,serra,ES
00027fc5ab8c41db9c12b1bf1f3fc7e2,03857,sao paulo,SP
1caca8bc33db4259a855dedc74947930,26919,sao paulo,SP
42d3b5aaad2845dba033ef8215ffd8b6,17880,santos,SP
d9f3b2674bfe4474a86ee5aa24b3c62a,44456,curitiba,PR
ef0c184496394b0ea6d779d3f3129204,06596,rio de janeiro,RJ
05d7984ef0e1439da4b82ce7ecab2e24,07637,canoas,RS
25bcf4d00731494bab9a9ce0880606c6,76220,campinas,SP
86ecd0a7baa548c98628971100be678f,95952,feira de santana,BA
ef51faa4f985487bb571bef2378409cd,66028,duque de caxias,RJ
4cdf76e652de4926b45e5dc1e467713d,51165,recife,PE
7fc8fcd233a746f5849ad4c4432b8c31,23650,santos,SP
51b70dd6bc52419996443f8ef75d6dc8,29143,nova iguacu,RJ
a1734d993adc43a8b07ae7cd10ef18c9,37042,londrina,PR
ed3777cf37b54c6487537e2cd5aeddcb,59459,contagem,MG
0eeb50ed2c444c8a8ee8cb86527db8d9,05541,campinas,SP
1d48216b6570465892f9fd7a4f227e93,85840,belem,PA
91a087b6d99d45cda5a602d075669dae,66390,guarulhos,SP
c02f25fcd6b54c619c9351257a3a7d88,73179,santos,SP
46beed86fbd44de49a5ec95892cdb372,08992,duque de caxias,RJ
a97c6982e3ea45a7a873205ae169eb72,37670,rio de janeiro,RJ
c35923ca58b14bd5b4e41bc68562dce0,18987,ponta grossa,PR
58e4739bea0b4a8484c7714693438ff0,27143,santos,SP
8cfcc64ea7ff4981b5dbeaa8305fc9d8,83674,niteroi,RJ
a12e85a9a555475489fc4e7616d96715,51134,rio de janeiro,RJ
cd6eb7b2d4c14295a9f68e89735866f9,63873,guarulhos,SP
a4419ac675db449f8b49f4e45c144e68,64527,serra,ES
c79eb6c9a18c44ecb9a9dd2921d4d470,75141,feira de santana,BA
cf0d0968dcb74e52868bd619c9491b77,51905,nova iguacu,RJ
e95546c3f982463ea9f39d9022c79e7b,24568,guarulhos,SP
e8ca2b65807d4463b8742b748d6c5570,42795,goiania,GO
e4aaaf3688014e62af2f8827142595db,29707,ribeirao preto,SP
80dffc5a4c6647fa8ae222b6bebcedb3,37822,sao paulo,SP
a6147c27d34c4955883bb429585ebf6a,62824,sao paulo,SP
d77fee87c5e24a9b9f448887f471b704,47849,ribeirao preto,SP
7d20957e83c74b63abaa5877c38ad092,31508,blumenau,SC
f1a482f3e52440028fc650c8f99f8950,14124,uberlandia,MG
c71749896d1e407f86ca6eaa2621a55d,87096,fortaleza,CE
0a7d85acb6bc418ebce36644b8368f06,35934,campinas,SP
4f792f6c7fa54d2aa2f5038ebdeedd17,29758,rio de janeiro,RJ
8ed04d4ea4d049038f69c9eef5a06f23,47504,anindeua,PA
3e99a4093c63428fa915959adc4ceaf1,24081,salvador,BA
bd282ca056d947108c588c75e840b9ed,78662,caxias do sul,RS
d0eff327b5f84886ad3ece9c36526bdd,97744,guarulhos,SP
9589e52fb5cd48b4b23d75cae26e930d,78537,maringa,PR
25f088bbaabe4ced85b54f013478d635,93202,sao paulo,SP
02e6cce5d065481381682a5706f27491,75403,nova iguacu,RJ
8f985e976f1e4289b2c864f9152e4740,74807,uberlandia,MG
9f40e2c9313c4afdb45a1fe271381b46,65517,uberlandia,MG
590bbbfab2084d2dad0b2daa62ad0672,24010,pelotas,RS
ea83eee578cf4245b88660bc168ab371,05975,juiz de fora,MG
ae056dbe55234e7aa2ea65ac946bdb39,08362,sao paulo,SP
175a5e6212b247b680682cd3995f3f53,79861,niteroi,RJ
578bdeccbb544d06af315d91220e12ac,03612,uberlandia,MG
5a84443b4f1c433fb2009dd77903f1a0,63650,ribeirao preto,SP
4c0ea3f9f76249aeb388c942597f5356,44481,sao paulo,SP
2449b53efd27465aaf8dc4c1b5be14f0,27406,ribeirao preto,SP
ce7758296cbc4e2f8ce1a513c70bf6a3,45663,campinas,SP
89979e8f1e1d4773aaefec1949847683,43413,cuiaba,MT
09ceabf9533e4745960cd85792bdf8ac,03872,sao paulo,SP
7f5eb37e67084c9c87577447b0806cd3,77888,niteroi,RJ
cd0f01e3e2c7478e9ff7afffb0cbc6f2,15538,londrina,PR
2be9dbaf2c4a48c4832863f1f4ff7c71,48826,ribeirao preto,SP
af9d60959d544346aa4494d30b162998,49967,goiania,GO
91c03ece99c1493199ea27515cb782b9,77810,santos,SP
c8c7f190c9674710b11035182d914bb2,45113,brasilia,DF
9775903149db40eabafc77407d39a703,43284,guarulhos,SP
9b16cb3b16c049f5b42cf8f50ad72bbb,21644,campinas,SP
f4e8dcb254ec4757b8a3e4f6c673744b,84789,santos,SP
641222674eb64185ab7ce311fa157433,86089,santos,SP
4e570072e54e44ab98638a26f58e3232,23833,feira de santana,BA
bb930ac17ce24e798c3ba98fd034ae1c,91906,ribeirao preto,SP
7f4f96bb654247d59829cdbbd8844a99,30260,contagem,MG
388a9b504b5446b0920aef03e20d1eaf,23983,ribeirao preto,SP
1c58f2fbbbc84f16ad3340da27c8089c,41215,feira de santana,BA
08bb4ff207f2466380b942d57afc1fd8,17691,maringa,PR
94838f74f0ad41b48e3c0e62ec698334,96529,niteroi,RJ
5e3a732343fd48f88c1f182872567dc7,93013,sao paulo,SP
3ee0d6fcd10e4bd6b9d8e17a8095fea7,75381,juiz de fora,MG
a6bc9a9b3f524bd2aad6a41bcbf22f6f,24865,sao paulo,SP
2982e923a2154069a9217a16eab34eff,42709,ribeirao preto,SP
0e24f8fdccf34ab3a15948323d642cad,84839,uberlandia,MG
73f1bfe403374e099f1a23b9832f30c8,66035,campo grande,MS
743fc7728e8844f69c734c36a3e4da61,44406,goiania,GO
34be2650d1924ee5aa814f043a53a328,32194,belo horizonte,MG
e68163952d774b8a8bc3f3748349009d,42879,nova iguacu,RJ
b82e701634fc467489f8620a599e7614,84386,campo grande,MS
4412d9202f9242f0b29e271a385c3c78,93925,rio de janeiro,RJ
61f75a6504614dc0a1ea404cd7292d86,59540,nova iguacu,RJ
519131efe492423e81ba7fcac60a5aff,35761,goiania,GO
ecb754ad677c4ec9b589b544a3316478,33707,campinas,SP
85c7b21c5681401dbb32294557a8463c,46938,sao paulo,SP
e4daeab986914f56a86d2c060b5715b5,15160,contagem,MG
f4b7c5abae3848edbebd0676cd8dbb27,07310,sao paulo,SP
aa46aafb5a3d46919b7f17034f1fdbe1,58438,santos,SP
60703d5559f049ccb59107102709d518,22802,duque de caxias,RJ
1e85919e581b407994301ba9cd6a3c1b,65629,duque de caxias,RJ
611e069851f94734b6911b33c6e57f30,47036,dourados,MS
4af8ff50d2fc403383fc68ec9fbcb310,50197,ribeirao preto,SP
7a2479ff7c72466d985de96fd052451d,63847,sao paulo,SP
d7392ae6ff3b424ba5417d5b9242d634,86323,ribeirao preto,SP
bb94222f89d64386ac0df27ec8778cb1,22319,uberlandia,MG
efc05a999ec24239bd2c8850feb85667,10661,canoas,RS
36e4959bd09c40a1b95c460c4ff4d080,39654,rio de janeiro,RJ
d31d73efbcf44c5eaaf78c7531d0ddba,42774,sao paulo,SP
cbdda93fdee5490d9051e444faa645ab,14726,contagem,MG
597847d0c62c4cf0b149107f23262507,45801,rio de janeiro,RJ
5af5abc6f9fd4bd49e90192ecf6aa334,50212,campinas,SP
32a1282bd3614bffb594426cf85df377,96942,campinas,SP
b80a1c8dffe042dc9d47a14b45a67088,72702,rio de janeiro,RJ
d3442be0ff4e4769b63d98b2bc061543,45295,cuiaba,MT
a8a1d24579f0446187205c2e01e6dffd,81431,vitoria da conquista,BA
4907ca8fdb0d4392a710a97cde0e343f,93340,ponta grossa,PR
5dad1a8f482b41b4a5b2fde6b04cb8eb,57534,brasilia,DF
06c4c07b897b41a08c7a33503a645a7c,80602,londrina,PR
1809e92903f2485ea090594774aa8615,21591,aparecida de goiania,GO
f8059bc0fec045f3b40178c4b1975c49,14272,sao paulo,SP
b9b2c69d91904b8383714e72fbe5c618,27941,nova iguacu,RJ
dc6b724b2c3b45f5acea1ca204fec75d,54645,londrina,PR
a7ca443bbb63488db2f685163add47d8,87585,contagem,MG
799168fbaaec4f0c9de5a99c732e9816,39980,guarulhos,SP
0dc9b1b2689e49b49df2cbdbcbaf17e1,13571,campinas,SP
f1ffe2cb0f104e6d9051bd4fa9cb0bbe,52498,sao paulo,SP
025f231eb22141088f852d0431a80434,73045,ribeirao preto,SP
eecb6102a26a4646af64253d3acf498d,21131,santos,SP
04cd634c41d84930a7163df7a903707b,48294,rio de janeiro,RJ
5cc82ca70586408094491c53eb35b540,57047,salvador,BA
9e6d417449af47d3806f2b1060c6f017,39607,curitiba,PR
8e8048299ed141978bc752a255e47fa5,82931,vitoria da conquista,BA
b4f1334e4a2f44fb943ae423f6298d1f,27171,brasilia,DF
a21926243feb40b5b207e83511407fe1,04373,sao paulo,SP
023f27e46e004fb0baaf7d85183fdf85,23391,campinas,SP
73ec4744a9c14ad5bd2c0b8130b3fcce,11739,guarulhos,SP
984d2ac5ed92416c9910010703280e37,16139,olinda,PE
fafc22270b89430dbfc2e3199f1e11a2,53096,guarulhos,SP
e729b6d6960a492cb0c4fbcdef80f501,65106,ponta grossa,PR
1b2892fef48442feb7805e1b5aed9991,12945,guarulhos,SP
90a16d3600c94820aaa725835f312199,72319,jaboatao,PE
f9b7f5f6169d48d29bcf768ca4f5f4ec,25232,santos,SP
41e5d3700c4d4426b7841586c9e100eb,50996,joinville,SC
64eb40080eff4480a4d36009a1e5353b,25455,guarulhos,SP
92d334e78acf4554bb76a47ab71c6267,06848,santos,SP
03575b9942244e74b05eda4af8d92b1b,58637,contagem,MG
7a6a1434c02c4bffba9b3dd493d17533,35524,dourados,MS
c03cf7ae277b4ac5b1c613ca7319ef98,36200,niteroi,RJ
07f90e00a57942168c8c701c277360ea,09079,jaboatao,PE
f891e7b3b7024a7baaed4c2abd891bba,99596,florianopolis,SC
e9412d8ffa3048ebb497d3a49b5dd446,88486,blumenau,SC
fc54b1d9ab5c4dd3960d6375a333bae1,12233,rio de janeiro,RJ
2575ef46d03649acae7a719209defd7a,71968,guarulhos,SP
c89b20e6c8da46759b9207ff5db775da,78296,santos,SP
aa25599ec8c9493bbc0d033f0b60507f,73561,fortaleza,CE
9a725be04f8e44a4ae5ea230cd8b9683,51738,fortaleza,CE
3514059d8efd4297905ad7a65779a2d2,71190,ponta grossa,PR
a1f85be94bee4849b88f608450e4adec,76066,santos,SP
99fe61c7c91441c2ab4bc3e294f41ce8,63424,campinas,SP
911ec7d61e294d0a92d5c550b3be92d8,11348,varzea grande,MT
cb298f281def4abab5373e944b952f93,94625,santos,SP
1cc476aeff854654ac7558294db00a17,66811,salvador,BA
e02b50efd7ce4563b6d01480d9c64d44,68740,ribeirao preto,SP
7fac7a11ebb2483ea7d1c5f5bc3dcff5,89805,ribeirao preto,SP
b84edf11f65045d49987e173fb37cee6,20326,vitoria da conquista,BA
6c2874718cb44a7a814111adf6cd937c,59856,sao paulo,SP
c1ee5b93c0da4a19929ff9714ddec6b0,22910,campinas,SP
3a50ced0d3db4b13b1d97387bbaadf9d,26260,fortaleza,CE
322bfdca79124d0c98231d433041b003,06593,caxias do sul,RS
566dc9a93e7e46ddb58ec38c209b5906,11271,ponta grossa,PR
0e77a271d7d44ad08e4c6937131fb6fc,27465,ponta grossa,PR
aa15b5edc2d54b9fbcc683ecc3d46609,78994,campinas,SP
b2674ce612e44d5cb99b09fcdc8caa7d,42910,guarulhos,SP
f9c225fdcfce419fb22d898d0383b549,12406,rio de janeiro,RJ
b2a338ee5b694c4388caea014c1f0006,73923,santos,SP
289e8953077f4c3288d748276d7fa45d,73358,santos,SP
69f8fc128f6740f5add713b43331318c,37202,joinville,SC
74635689bece48b4b24a1bb0a262d54b,61051,ribeirao preto,SP
dd17b3da96134fa38732d2969ee0d88e,92804,belo horizonte,MG
5e1d28500a994584a4c82c3c2f6b4805,78014,ribeirao preto,SP
8f1f6c8331e349a8a0a4e59d5da023e7,55997,ribeirao preto,SP
27ceaefe25ae449fb55291138d21902d,55321,sao paulo,SP
d992bd0cada346d6921ab09025e210fe,20424,salvador,BA
1b17598b8e0a4eb38c97eebc50b78e37,78061,ribeirao preto,SP
a85a8a39514d427ba3559828fc8731a9,14845,belo horizonte,MG
2f54a0f27cb849e7971cf843508524e6,38498,porto alegre,RS
01322ede74a44c2680c5a66aba5d16e5,46071,ribeirao preto,SP
b71bf2933f224ebab1f04789b1fc019f,35620,duque de caxias,RJ
13a428634ab54173ac25f8efb2e9d655,86824,vila velha,ES
cbf5a6461a6a4d8ea41e15295038cbb8,75976,duque de caxias,RJ
9224f8749c7146a688bcc37246ae0744,63003,ribeirao preto,SP
97855e2332bb4357bf0a4dca927a43ff,23570,belo horizonte,MG
24741f24ce4646c19a8a7d9fe3c041b1,53818,contagem,MG
c5d30751aeab4df68f9b0de0acf8f657,82034,campinas,SP
9a5a3b2103bb4db9b8af8d8aa5c2eed4,90235,ribeirao preto,SP
1282c54ba9f04e969c82e1ee2a783804,06083,santos,SP
36cd2247825c4860b8aafec0e9601a80,44449,santos,SP
2561929204f84bd1a494b285eefb9022,07460,campinas,SP
bee78409adb748279067aac49f651989,36203,duque de caxias,RJ
548250d4ef9940b88e6fac7ca3d2f01c,03651,guarulhos,SP
fb05d8ff98f349ce950cca1697e14bd0,40722,aparecida de goiania,GO
6e06a4dde8d7425e8e8a49f3bddae9f2,37745,contagem,MG
252121d37da84460acffc3dd9ae2571e,92250,brasilia,DF
283737764d9943f5a68ba910bf124993,30878,rio de janeiro,RJ
5f48331e911e4f71972ee0e94b012191,40384,campinas,SP
3b8bdee69fe843379b63c97e98319085,43056,duque de caxias,RJ
1a6b7a695d5b4f9b992f8b54ac41a830,96525,feira de santana,BA
9b775e95dd93424ba22fe269ffec6ccf,80295,santos,SP
fe0d3612dbbb440dad5ded0eec855ba6,25633,sao paulo,SP
d2033ed192454667b917052c0a4eb4cf,28707,santos,SP
b125fd8f0fb74e559752e8870b10ba01,98117,santos,SP
10eea4abbe104e0fa35fbb9ec4fb94a5,68698,santos,SP
ba94225d1e8f4f778bc075f2ff0df5eb,08367,guarulhos,SP
088c290bffbe4ab4a6cf483be77c0c8e,21836,ribeirao preto,SP
bb6604225b1d4a05933c0ccd9216d20a,41779,porto alegre,RS
a9437657de1e4e1ebfd28e547a03a3a0,53872,ribeirao preto,SP
eb47ec50263b4df59fa4798ae75d2415,69719,uberlandia,MG
4093cd0c7ad7435b9d29379b013579f0,23772,rio de janeiro,RJ
baf697d373bf4c2dad73f20c6b9aedd8,27309,niteroi,RJ
a5a62c17ce05403da0e1bd567df9f459,33701,sao paulo,SP
97dfc55725cb4a10962a854609ecf6fb,60827,rio de janeiro,RJ
1031ae155d0446038c38067d4c2c2eb8,48235,sao paulo,SP
21757e0b10f440b495f40659b7be5bbc,36910,niteroi,RJ
ee061b8130774d108e7abd3367d83012,61846,contagem,MG
a00ea5ec91cb423aae795b6730b44948,53028,ribeirao preto,SP
7e590c39fa9f48ada98d2df53a85e512,90282,sao paulo,SP
b6f912ae39d14bc68dbc4c99fc67c262,32711,sao paulo,SP
668659859509456b9f1dbcb5dfdb8cd9,65066,guarulhos,SP
8e3729cbe12644c8a74edc12e049a9e5,59471,ribeirao preto,SP
bdbb2e06f96040579b76e01d56b6c218,63204,belem,PA
5c4bfd9a135a492babf20ecd5187e206,73264,ribeirao preto,SP
ceb19c475bea444fa84ecfb872c1dd9c,46121,nova iguacu,RJ
f99dcc579ad64d73a4491c71780c8bed,34903,uberlandia,MG
123d219d7aff48178ecbcb5c092414e5,38364,belo horizonte,MG
763140b66a1b4f2da4144cb147a94445,51667,recife,PE
a35e97b5284040bfa785f52e20f6b136,22352,salvador,BA
525fb7f358e9401d8eec34ec89ad74ca,29091,blumenau,SC
ae81474f0c264509b7275a298b9f80ec,85853,fortaleza,CE
3d0907374d5e417c9948c0900cd40893,89826,campinas,SP
aea36ea9d5b042659d57a09d9d9113e8,36269,uberlandia,MG
8b9f0e5306e3464bb0ea6b8db9dcff8c,68276,brasilia,DF
8ce1402dbb4045c6b65e15f52885da3a,90417,belo horizonte,MG
56cbbc93d29d4e3a94c2e62940154a20,63140,belem,PA
8b89a9896ce04a88b41f7952cca299ed,85852,campinas,SP
9f1b67e53b6f408bae6a134fa47b211a,79792,niteroi,RJ
b24375195a3f48958f30f4d22cd58f89,30329,belem,PA
253b4b140aca435db450f3962e52a66d,80736,guarulhos,SP
01d6d8c13f104701ab116d125bed68de,94420,maringa,PR
95f2fa2bf9f04a60a124114079248f54,56549,guarulhos,SP
09b5e1184ac7465ab6881d018a0cef9b,46706,canoas,RS
fcd8ad9b67d14460b43c9c03fec98a0e,34029,olinda,PE
8a4ce0e7acc8421592612ea9e993ebea,62171,campinas,SP
62dcdfe4eae549b9b45aedaee98d3e48,89761,guarulhos,SP
f27f610b1f4843de8d3f360109acc6e8,82737,ribeirao preto,SP
92494d9c2b894f3a990737bea62c6e2d,77609,aparecida de goiania,GO
a102966756bf41ab958c1e633941923c,01963,porto alegre,RS
82164ef55469491daac576ebb8782741,87816,ribeirao preto,SP
78e584b975a54bb89e25d3b49d2c446a,74591,guarulhos,SP
5561a9e750d246fe8f5a990f4d0c38e4,78826,blumenau,SC
e564b4a017ed4cf8be841dabd52ac818,38051,blumenau,SC
79d1c285956b4c73bcb5d3704bd8cd06,90707,guarulhos,SP
e2d95336e4e14232ac697e8cc5b7223a,64142,sao paulo,SP
18f7b839536b47b3a1dc1f7afa44b983,45077,florianopolis,SC
9892b9f79c4c4c099ae601a7418b5b53,84964,nova iguacu,RJ
cc4b43531952422a8ae38ade6f792c82,37291,caucaia,CE
180f7c953cc042a09cde031dbacf956c,86998,nova iguacu,RJ
d0d977513f8a4c32b3576002f6f233e7,25688,pelotas,RS
5fa931da3166483fa3bbbe9ff403f021,68802,niteroi,RJ
fa8086f7eb984fdf9c8641c54f044980,08441,recife,PE
db0ec369a0584f2c851743455a97ab8d,53965,ribeirao preto,SP
ce44d13bff4b4a46af89224d682ac3d9,90228,guarulhos,SP
5249cb06151b46a087c2c3f822162920,95540,campinas,SP
217011977d4040de951edee62b51a9d7,86904,salvador,BA
2ec6ea9858ab4b699a52fae49299e00b,39745,duque de caxias,RJ
4a62567c20844fa5a8a56119fb0e55fb,55862,guarulhos,SP
29d2fdff67934fb9b6df3b29ab0da9d4,51891,duque de caxias,RJ
5c6831977257456883415ad4ec49b601,77418,sao paulo,SP
7ecba2db007341f68db3dcdefff4233f,25892,ribeirao preto,SP
95a061a1a1c440728a7838d32344f7ed,96230,guarulhos,SP
53ed5c7f47f247d397d54984b5189839,90957,uberlandia,MG
667572dab8f64a57aa9bb5b98add8821,89063,canoas,RS
af69c08a8e764e518919c58ea00a5204,67494,feira de santana,BA
42b1a05dfe844649be7643106fa3c62b,23280,vila velha,ES
bebdb03edfe44175a5506abff01e7ab7,24741,ribeirao preto,SP
c5db4c2d8a6c4243bfbfcc6f7f8ed69d,13793,maringa,PR
4a9f80635142429d8a211e09eae85d1e,17769,santos,SP
5c252886df2a47638fe3dad581550adb,96051,guarulhos,SP
55b4311599cb4d9b8899cd042358140c,24995,ribeirao preto,SP
1a1f83bfdb36414882369af748415dc8,86778,nova iguacu,RJ
f6623e02c7784ecda1c43264a73bc6f1,30131,sao paulo,SP
9347fa4b20e4473f8d64545be5d60ef6,30272,guarulhos,SP
8c6ea2c81d0e4c5d91ce641890970c4e,56112,contagem,MG
0fa13e225c87425e97f4d8223223b2ea,49717,guarulhos,SP
8d102213e12a4caf972a3e7759ee58dc,77751,contagem,MG
95c7211bb5404fe6a60047092b462a76,61786,guarulhos,SP
99c6b62db0f7439d8b720b9c854ec239,62674,sao paulo,SP
3fe24b7b855049419886e6446ddbc263,84151,sao paulo,SP
a9770ab1ec8a430581ce6100dc8b1d35,77062,ribeirao preto,SP
2e21a32dc2e449f1a9adcc93a73d7067,10334,ribeirao preto,SP
59f21068ac094462941fe5982518440c,26499,juiz de fora,MG
8914076d39484ad2a3b137b197ce2920,16704,blumenau,SC
b35040d391bc45cbb70dffc2f31643f0,70446,santos,SP
55391557659245a698a9a2162b0b12f0,55146,guarulhos,SP
a7fbb4ec8d634bfabe87017875a85b17,20762,florianopolis,SC
c4cd1f09934e4d6184e6821c40161410,27253,campinas,SP
8dcac451bddd4b37923d872ab33afa98,54633,guarulhos,SP
cb7487dcc3a94479860e72c2338c7874,19772,duque de caxias,RJ
285d5fa5e9644ad68bed79ea4991173e,94804,contagem,MG
2a98066cb31e429195b07858277eca79,11592,uberlandia,MG
35407a10133d4293acb6129da3f9758f,44598,canoas,RS
e3ebd950542d434991851ec7739a3ec3,42079,campinas,SP
6fd31c518e7344189bd9f8e09482cb25,01617,rio de janeiro,RJ
916a747171c24b04b2bf97a272983e77,36851,santos,SP
fc0a5741d84d4deda071de399c5486fa,23099,londrina,PR
1ce936e6c8774ee78d6be28c08d0ce74,65169,brasilia,DF
e516c08a79ee4673930756dbda29f749,17961,sao paulo,SP
253b73730462448886e5d23dad45483a,57847,ribeirao preto,SP
4130d8a1effc4af19c5be35cbed80aa2,53873,santos,SP
487462a077af43e28a1d615dff789413,63573,santos,SP
4c8ec066cc6742d19c6b66f90dc0e4de,01611,santos,SP
d0038312647542879eda4b0e50eb8e8f,70963,rio de janeiro,RJ
64a1284b89fb422bb1802e0962989c74,96768,belem,PA
4bdda8886f59488c9a8d2f0831a111f2,02845,guarulhos,SP
f7b7d5b61d4747e3850777365f2df243,70603,guarulhos,SP
abbbbbe06bde44f982b92f346514fb70,03348,campinas,SP
7c3d4d1d2dbc4d17ac843dea463c3e9e,83141,sao paulo,SP
7a9fd4c2612b47d3b5db4a90dd23af2c,30657,campinas,SP
5212a216d54243af8d1acc4be3c82c59,41906,maringa,PR
212cb6f0204f4db48e5d0a6cb4623706,14462,campinas,SP
ebf68e4bb6484380acfcdc7d6caf747b,66973,dourados,MS
88b1f2fe757440688d6256749f5613b0,22891,nova iguacu,RJ
26ff4eef70034391b0689da8d7122a93,06992,rio de janeiro,RJ
e0c23779ef174ab0a7c2f9646363d100,39119,guarulhos,SP
01e84a99d7ee4b05b6663b3439a39591,96398,canoas,RS
05bf344df7c341aabf0c1d991b94238e,57841,nova iguacu,RJ
57bff3cd34d14093aaee39322bfbd393,45922,campinas,SP
1646c68384e8424f84cdac96ea3fef48,48087,santos,SP
7cf5088cef3e4d84963487798551ce39,22611,vitoria,ES
6387f7e436c44c9daaa04a51c2aeeb9d,03506,santos,SP
95f2921facef4ad6bb640bfa90a7d7b5,30402,niteroi,RJ
011a4a947f7e4154858adf39ff565341,28681,campinas,SP
f958f06f95ff4c3a92c0e207770aa3c1,78292,sao paulo,SP
02ffa40502ba459598496abdfa21d05e,23149,ribeirao preto,SP
77c1db6cc80e4f689388442ddbd5ec97,49049,sao paulo,SP
eef5d6c231f34be7bb552c58dc7cde70,50177,porto alegre,RS
cf6586e266db49ef8b0f385fa88feb5d,71088,guarulhos,SP
ff1320e0b9e9484088473efc9dc1cd8f,07368,blumenau,SC
4996ce9b45d0497e8c0192246027f877,87765,porto alegre,RS
ad3d3b98ded9453e902d05639fd76c6c,86664,sao paulo,SP
5f5a0305ecc941209aef63a98840b280,07322,belo horizonte,MG
c14ddbe4695a4953ba70e46bc90e47d1,55627,curitiba,PR
a9aef5e0c55e4976a80e51b63f8f8cff,50840,juiz de fora,MG
5cdce1e3ab4b4d94853ee1912bc884f1,72733,belo horizonte,MG
423549f6087d43b8b5213a666f89f43a,63180,maringa,PR
55bf29d4e560404488f7d23e264c2ca9,27934,campinas,SP
203869ec8260463ab268cb429a295932,40467,curitiba,PR
a95a657c157e426599de7faac3bd8c35,87725,santos,SP
60c7fafebc1e4e759671b110c37d17dd,87832,belo horizonte,MG
fb2e10fe99cf48e8a83a1455287819c3,36386,ribeirao preto,SP
97d453d0a3c64ef3bbbd90b701692718,80381,vitoria da conquista,BA
ab82c8faeef944a99b5c9d5e3b40d5db,55896,niteroi,RJ
b128ea7cc71148a88726c36ee0d460d7,68054,belo horizonte,MG
c313dbf9b86a41cbb8a502602fffb066,81962,blumenau,SC
eba1363a0cb24aa382cb51dc2fcc6440,38054,goiania,GO
05126a061fd844f18225f519e5a78c2e,14928,curitiba,PR
0445955ce0234003a7d5e150468fbb87,27037,santos,SP
fa484d156aef4409831e4ece6cdb3b7d,27181,vitoria da conquista,BA
2afb264943934aeb8ee806295f4fa242,69569,contagem,MG
85f2aba42bc148b8891e06ff54d61917,47913,uberlandia,MG
a102f1f158964c18b90e16db976f5d41,54707,serra,ES
c70a587ae77a473eb4c1f145927ae654,22020,guarulhos,SP
3539fd6bacdc41ccae280617875aa11b,72845,sao paulo,SP
ab53a56aeeec4aad909ab2bb98f00b14,28222,duque de caxias,RJ
d7d3ce2e8ca14b5098c65d954173fe9a,44332,ponta grossa,PR
7b99317f63a84821b73c13a61c975133,01358,niteroi,RJ
fccaed95a9244e158c61214484fc84db,89032,belo horizonte,MG
b08c88668c5b4605a943e00e44b0f5a6,15474,rio de janeiro,RJ
694deb73b55d4d4dbef7a5abd37b0f40,20548,juiz de fora,MG
01a4abaf89914abd804a23a6513e180d,68070,salvador,BA
2d67f2bcd0584b0bab9ed9c6544dae14,95838,sao paulo,SP
3dc1be878efe4c91b8d1101220c6262b,34540,porto alegre,RS
635560dfd2e648aeb64ddc2ffd6766a9,31298,blumenau,SC
1f4a40acaa3e48bfb40fd386ad68ab84,39800,duque de caxias,RJ
e8bd367bad834335b36d1d7e7b55d3ba,61853,guarulhos,SP
ccccf0fbb0bf4761ad73dd31ab642536,14082,sao paulo,SP
7c030966e32141afb28b42a45185b5ed,06170,florianopolis,SC
042cc7d6b97c43e486c1a79eb6112956,48214,guarulhos,SP
8de70efcafb7451d90d5572e1f5bf426,56836,guarulhos,SP
1c60f92e294e4a2fac76a8b6ff29376a,13451,sao paulo,SP
50cb8425649c47ff9fa4766a8020d0c6,02267,rio de janeiro,RJ
db78dfcd38fc489c9d6fcfff24e7e95f,87947,caxias do sul,RS
c93c35bc1f134d81b337760d18be08cc,44078,londrina,PR
b7ca7d51217548149c2e9004daa80c0a,58372,guarulhos,SP
fb8427e1da494ff893ce4650461e9398,97084,contagem,MG
72e7862ca40b4c6b823b5a6a095d0820,49840,porto alegre,RS
23e646b9d07448828f3ba611e6904086,24969,guarulhos,SP
6b13b219a0a04d98a5aab3ac1339be34,53530,sao paulo,SP
92e93663260b4f30a53d4cfca2f658eb,60839,aparecida de goiania,GO
befd3b9db46443b18c22c6c2ceda8ee4,51556,pelotas,RS
4a05cf1bd36c4b7f99d70d4bb3244c69,56278,juiz de fora,MG
3940b1c2bfac4fe0840cf4d7f61e63b1,15818,campinas,SP
168ab576d08f4d4c84f7fc848a0b90c5,92248,florianopolis,SC
d05b8adf824a4c248dd2c17d014d6086,21892,belo horizonte,MG
40ff467903a94ef992d347151db07627,55529,salvador,BA
70cdc7194274407bb346e9da19043691,75572,anindeua,PA
51067a83050f4e1d8f9a3ed4b60e0dda,24758,caucaia,CE
7cec7d1b013845f9b2457c53d1c92590,50774,vitoria da conquista,BA
ba5f7989e8cb4339bc22cd242388f05b,81131,guarulhos,SP
b6751552079e46adb740be3e77ad91bf,90714,brasilia,DF
b7114c4d5e6443c194b2f9e9a01b4392,64318,campinas,SP
13c2305269a44387ba41e57583f650af,15802,feira de santana,BA
94e5304d9f1f4f2a8b23d22f6ba3f950,58761,santos,SP
1ec09c65cfef42ed9f783783622b6f5e,09301,belo horizonte,MG
af75fa10a00d4f7f979a4ae5bb3cb3df,86848,guarulhos,SP
1073590862b64b1798eed1611010bf97,02620,maringa,PR
05a1c9bcc3d544299595aeba3c8d9270,98468,ribeirao preto,SP
a967012030fc408a8c66bf29d51a5d1e,95866,ribeirao preto,SP
d0405a931a3843288097459b419d9f7b,30358,blumenau,SC
c1a4ac6811db44ecaaa25c27343fb4d5,69039,pelotas,RS
02620db977294ca48fb71b1484ffae1a,91209,ribeirao preto,SP
639f86f5cb5841eb8e24d02032ff9a82,13483,ribeirao preto,SP
6dd61a5f2d8d4d5880382c9be6623ac7,87732,santos,SP
aaf21cc851f0487aa01fb638df44bf6b,64167,caxias do sul,RS
a66ec9671f614dcd948e05de9718fccb,87993,caucaia,CE
1bcc67341de64615a7d7caadf503c80c,20484,juiz de fora,MG
1959bf70f7674fb2854bb8e3f0ed0b8b,81335,ribeirao preto,SP
04f43a6ce04a4ab7be3f7900832c46c4,02526,sao paulo,SP
daff202f97ad413e84411d3776f17508,67265,belem,PA
aeafa36fb6444264b39ffdb5c385d7cd,65990,santos,SP
4da1500da4ee46beb08986b9112310c3,10812,uberlandia,MG
95ce73ce8a4a4e9dae8e97964ea1b919,43026,santos,SP
4946fa09034c40aa9b03b61a63c33b3d,44371,londrina,PR
2bd8b5c2f4474582aa0a3db07880f079,07599,brasilia,DF
f15780a99db543fa98a767928019604a,30190,ribeirao preto,SP
596ce850d7324c8db491c818eee595b7,53858,juiz de fora,MG
49435847fe2c46f78fa27c6618fdf711,11332,niteroi,RJ
652ea697d60a4a879eca013178d3bbff,59220,santos,SP
c8c9099f68664735a360c92010103db4,59733,ribeirao preto,SP
ea537528bdec4cce84e97c13eff30070,66333,rio de janeiro,RJ
f2ec3b9039724c9d8d9de6e27c8b67bf,42426,santos,SP
6c60eae73cda496ba7ded794d6a407f7,66191,florianopolis,SC
760fe39744a54b21922cd78d36fc1fa4,14453,sao paulo,SP
4a4ac50f5a384e7ba70a6045c289f7ca,55046,santos,SP
abf5603e1d3a48a7bfdac2aed36e7ff8,74024,sao paulo,SP
6ae5bea9738947569ece83bd7025b576,01022,ribeirao preto,SP
1ce219667560462d85f8e7cc63fffe36,80194,rio de janeiro,RJ
f08b989bb47f4eabab946ecdd4f92f38,84563,ribeirao preto,SP
c97cf693165d43b19d41babfe370d1d5,67628,pelotas,RS
677e183a71d240b58a6d133c2082267c,86799,fortaleza,CE
36d5161b1ac3410eb73498767980d8c9,45676,ponta grossa,PR
013cc1ba52e847818164a42f0e81797b,08113,guarulhos,SP
231cdc1411324cafb475270d7ff91943,60566,recife,PE
406439c58dcd4c0ca98436358cf09b09,74420,guarulhos,SP
717100859e1e41078ed9e5bb0ab4b377,94933,duque de caxias,RJ
e7438e7f1b8e43e5a2df9aa9f0436458,94836,nova iguacu,RJ
154acdd6cac74fb48501582f3d2a10ee,15945,santos,SP
c5affcbf6ea14aa485cfb8941287e183,87364,goiania,GO
cd35a57b7d794523a936a82ca3f7dfe8,01287,campinas,SP
5972d6339e094b4fa265da1eff1ee035,47548,contagem,MG
9731eafcb69b417d9198f36eaf35a980,72786,guarulhos,SP
f5d5cd4a71c048ec9bff8db7a159f5c2,50006,blumenau,SC
bf37ca5880d448e1b41306ecd08af113,07000,curitiba,PR
04cb96bca86942f1b6c308ce71323f15,65542,campinas,SP
19a5914435224fd9a802cb26a0a05a14,94959,caxias do sul,RS
5c95996de0cf4c7088e209d6aa659243,15019,canoas,RS
cdaae517094944b0abbb8e66bf23a91b,81065,contagem,MG
1d9f8b1e9ee9486dad5f3a5e98dd577d,25581,uberlandia,MG
5a19d55e8e4d4fddb05331c68c7dd54d,52497,belo horizonte,MG
a24324ba417148488b0176f54ea61e19,60905,campinas,SP
bbe5ba1803604b3ab0b35552d895b905,94950,caxias do sul,RS
b7bf17a5d7ff4c729aa59b68773ba2ac,15125,nova iguacu,RJ
1f3e90f624e84c68878ad346ca4f3e54,07094,duque de caxias,RJ
9d731f00aeee40c09ed6ac1be1558d86,89098,vitoria da conquista,BA
9c026e8adf8d4efca3320e80312f07f5,17150,ribeirao preto,SP
01de2d11242545bdbf5595c3d79ca18f,60950,santos,SP
b1b02a12b0bc4ff68b20cf6d268197d0,67086,ribeirao preto,SP
5b0749cc5a874a968c4068526510c8f6,66382,campinas,SP
aa9b7ae37e154f68b6a60a75693a569f,70515,sao paulo,SP
1bcf7114687840e6855f0d1da7e1b592,73512,cuiaba,MT
7964740da1924e4597e2a60ed7d43bb2,77692,santos,SP
8789c53f95e24493afe282d7a92ebcef,67628,juiz de fora,MG
dbea383e71b245888227185003525ee7,91677,campinas,SP
97baf1864c254d10bdb601218cdc3dd8,96747,uberlandia,MG
dc6ae75f5f98477a8fcd2749d9a7dec8,14573,cuiaba,MT
db480f079af44617b9b83f5d768f24eb,87182,santos,SP
ee0f09f4ab054e04a005495c9c420b28,80450,vitoria da conquista,BA
c2522be4d53048f08c72bef3a06cfaab,67074,dourados,MS
4760d174c9264ddeac9431c255131b9c,55875,juiz de fora,MG
db4fef0134ac4840a8fd15c919af6531,91769,ribeirao preto,SP
384f18e3923e4281b155eeb40590ee42,36860,caxias do sul,RS
664d88d7b57648cb878e1b5a724f4857,45939,feira de santana,BA
b88b67fed58442fa8f99aed543ee9ead,60355,guarulhos,SP
cac72236f92f413ab996b06ed1002ad0,19111,niteroi,RJ
6df12766774741f29cc9102eb574d415,79974,santos,SP
67026e7f5a8e426c9e4469edff391126,40179,ribeirao preto,SP
5e0095d2fe29493ca088ef41a934b741,94306,brasilia,DF
9efaeb9d1a1341e893e3ed789a388249,27330,niteroi,RJ
0c88efcbdd51419bb0b713f96df4ae4e,82810,campinas,SP
b1cedc2338d84a009f8b8975604e224e,90995,contagem,MG
580edcdd4cce4128968c15ace8dfe247,89129,guarulhos,SP
a2beefa164ef4485b03e5d7054d8e839,94113,campinas,SP
08509d7fafb54b7fb39e6279e969575a,67046,niteroi,RJ
df47df2d5fff436591a7a38cbe5571b9,92004,ribeirao preto,SP
4849c23e9dc449ffbc1141a35644aa34,94107,guarulhos,SP
019a044fdc2d4b638fd62651b094feb6,47168,sao paulo,SP
a203a17685ae4690b1b34ec09d6fa2a6,77389,duque de caxias,RJ
c55193eeab1b4e4a8d566d3296bf15a7,88445,blumenau,SC
3e06e8da6bdd43cd83e8d516db4ca9a4,55719,vitoria da conquista,BA
8f4028efaa9442559d42af9f1d38a09e,38477,ribeirao preto,SP
a7d3513cd25147d2930edb4fc13647bf,02673,juiz de fora,MG
074cb94a32da48bb8849fbdc525f5e0b,14955,vitoria da conquista,BA
bab0d9d043e84929bc84bf7cf1fc5a13,50921,sao paulo,SP
99523b21fb0445b787abebb921af5e71,07955,recife,PE
71281674d61c479da01a7a6b56bd3def,27201,goiania,GO
c214973c50ca4891974be8f3d120a3df,99328,guarulhos,SP
52a9456b57c94bb5b5a4a8a6377a129d,38567,campinas,SP
ca4fe29086874ea1bba75b93e578d199,20192,guarulhos,SP
4fd9bb3e97a64b45a6c37abcb9932406,91517,sao paulo,SP
b978565ae48b495a97b6f06b5dcf8afd,27738,aparecida de goiania,GO
b7626ee6c7d448da9eb225657ce6627d,05234,jaboatao,PE
b4adfc4c84ae43deb38a5be134aef1ce,60322,guarulhos,SP
056b753c59b34562a13859c3c10fa3d2,81754,belo horizonte,MG
9dfb0735d7d04750ad53931049f508e4,98309,uberlandia,MG
41c0aea21d6345829f37356ac19dddd7,51972,ribeirao preto,SP
632cf8e6784d497db32783922dba3676,67967,uberlandia,MG
bbe6489228db4b35a4ca8b7750503656,38701,jaboatao,PE
a56749a2e06e49258ab04b302b1dc495,51014,sao paulo,SP
432e6aa6929d4b21929034cf880c3be7,55600,santos,SP
db960bdea7724d89a176fbef4309c02a,73368,guarulhos,SP
f27e0cc0da4e4df5b9df0d3b232e2cb0,02699,sao paulo,SP
7918fce19ce24bbeb8448d47739f9c5c,27619,guarulhos,SP
427196c9f21f4aba96022c132cc067c8,30563,duque de caxias,RJ
e7877e6ba52643129c356efa5e3c14a8,99973,nova iguacu,RJ
685fecde720c4594bf7bb312b3490293,96015,londrina,PR
82704a4edb8741ee83b1f61be3e46f45,39558,campinas,SP
5681a0ca5fc54d3fb90086394a0c4b1f,24255,santos,SP
0fbac381686b436092d09eb537824283,10760,vitoria da conquista,BA
ad45baf49b654476b9ddbfeb268424b7,23779,salvador,BA
3b4bdf9f4d3e4ecb838b0e84c593a59b,16643,ribeirao preto,SP
b61d4e4d5c4a41b3b4b4d07ac3dadfab,06326,santos,SP
d23a7156bd7843dd8b16c0321161c1dd,37583,feira de santana,BA
9c5e990e3f1947168492c68ff4da6d97,35634,ribeirao preto,SP
78b063f5035c4e569f78f0db9d598a4d,22093,campinas,SP
2c1b0a49c08e4391a4b625bec94fda0c,01739,nova iguacu,RJ
06e33d46754e4ce2ab0a5b252c4e2fd3,62122,guarulhos,SP
0f4b1cfcea474000bbc6c150b0dd95df,06235,campinas,SP
dfda1c9d3ba54441b254994935e8b44f,43287,niteroi,RJ
469460e0ae3d40259c5fa63230a183df,82968,curitiba,PR
5cc0c0ba56b24e658e824d49bc3c02bd,87755,vitoria da conquista,BA
152da241aadb4558a113f2efbf2fed1a,65297,anindeua,PA
887cc7496eb841a3b2d6006a4c364e70,73110,ribeirao preto,SP
4772b82d0fe84f0dafbc471909ffabbc,10552,guarulhos,SP
7ab3ba5e6ef143a1a9a509aa6f5f4165,69864,maringa,PR
ed5184676fb948a7800a4ebb7f5ced91,25100,niteroi,RJ
ee4238f8704346068e4742e4518ca30c,09936,ribeirao preto,SP
5b0b541e2c50477ea9384a86eb311141,21889,ribeirao preto,SP
4754d5b7ae974f62bad4c63a8929f8a8,72182,santos,SP
46d9a6ba906d449ebf63f3780e292da7,13051,duque de caxias,RJ
05392c7890704958a10ac3e79ba81670,29992,guarulhos,SP
33bf042952ac40c29a8f19f35fb61323,87944,fortaleza,CE
4ec46ab3cea2451b904981ce374b4820,44393,guarulhos,SP
6e7343ebd6024d3a97323093b18aa9f1,39479,varzea grande,MT
5cfae2abdbc3495fb82ab08bf1b8b699,99652,salvador,BA
6449dee88b4648b28d97cc87df69b99b,74575,duque de caxias,RJ
504ad2aa906b41d9ae602f61ffe8093b,16036,curitiba,PR
d75ae5e233e54389a3f28d22e7fc9c5b,59414,pelotas,RS
2f0348cf2754455c934f1aeb2678bfd4,85182,campinas,SP
312d8409fa494e7f825e371afc782b46,82412,ribeirao preto,SP
195c5f34df09442f9cb25dbc38e97aea,06226,niteroi,RJ
5b659d0606d84b5dbfd8f55fd31e0685,50987,contagem,MG
6e635b3aa46e4e1d954525556da9e924,51577,rio de janeiro,RJ
6cdf756e977d440a8aa71572e7137a9f,71809,nova iguacu,RJ
851f6d0e7037451384dc100bb57490e8,04238,nova iguacu,RJ
a04a0a545c724f5bb42b302fa66a7b3b,68411,nova iguacu,RJ
4e930aa739da4a41bc7148f0478ee8e4,64806,duque de caxias,RJ
e552a494f1b44e8dbbc2110a8a898943,39854,rio de janeiro,RJ
eecd566dd8a441499a9b4b23a5cc9bfa,42984,brasilia,DF
80efebaf6cd14af892cc93751721696c,13577,belo horizonte,MG
be0f409f11b54f4087206c777f8e65e5,71513,caxias do sul,RS
24f3cf7a3bac404db4c0d6dcd1147bc6,83173,belo horizonte,MG
948a691dc4b24f508e4e9909ebded514,28627,belo horizonte,MG
f079b26276b64ab8a683627a40a1bee4,90837,uberlandia,MG
3d28eef3fa1f4f478019cf205fbc51bc,14621,santos,SP
0770556fc9e74e0295032c82a5449b5e,71484,campo grande,MS
73365dc25601431c994a32737a2b6de8,85746,santos,SP
13ffbf6e384049b790ba07d6b0ad0f25,98896,sao paulo,SP
afe1ae87845c4cff9c60d6adf8192332,04113,campinas,SP
94dee967e52041319b8f0b592b8c3e07,94961,santos,SP
54ba889952b040849815d764838a5346,05965,joinville,SC
6130f395ce0946d684e568474d329f05,10600,rio de janeiro,RJ
59bc6626fcfc4d298100aa4ec4e481c6,24329,florianopolis,SC
755f3cee3ae64325887249372fe8eccd,74149,guarulhos,SP
3f8910f0bc8a4ad48f2192625159c4a9,76361,sao paulo,SP
5b3dac480da44dd78a1b56cc5a84ab0e,34901,campinas,SP
855aa878cfff42788034c939d1bf704a,51860,juiz de fora,MG
61a14bcdaa004d3e941ac123bc643115,83603,joinville,SC
e6cab10a56164db98fcbafa1eb3ceac4,57757,duque de caxias,RJ
c7f3d5871b1c491eb73a3f2c7ffe27a3,03213,guarulhos,SP
551d88ae3724494caca7ac6959ccd5a9,89250,anindeua,PA
aab39f2c611f47f0834a059012a6402b,71101,sao paulo,SP
06a281233dbd41c1b6c14619c425f59d,85072,rio de janeiro,RJ
ac3ffae477a043a9ade93d6c78ff4945,09288,ribeirao preto,SP
4d0ff18363d14ca5995f5363f8ed76be,06965,ribeirao preto,SP
8e0211eba5e1459b871dad7f2fa59b9c,47884,sao paulo,SP
13d0561876f4469a8e429d571b4fcf29,14911,ribeirao preto,SP
d9ae884d73c34365ae65fc3f56a01b82,90899,brasilia,DF
5b9d4575955446089a9d6d97c891b67b,80503,contagem,MG
51629bcbeba44d58b216d15152d88087,37899,florianopolis,SC
71a02e321fca41c5a92154c190df256f,50992,duque de caxias,RJ
f42adf33cf7941099baba085cdecf8ba,87602,juiz de fora,MG
2dbacee63ca3435d9c2cf3b19aaf1fb5,63126,porto alegre,RS
e662eb130d354c3ab8824a44c9a1709a,70922,goiania,GO
144898c5c6754a2dad8cfa5631a2e9d8,18875,campinas,SP
689d9198398b4fdb826c965474d4c70a,72529,santos,SP
d6a8c3eab07a4c29a827e786ecc74fac,84105,pelotas,RS
f28c6c2d06fd44e99228793d1ff72fa6,40066,fortaleza,CE
41ffdf8076af4ca48324069bd0677439,02461,varzea grande,MT
bc27637dd5b54e218f41dacaccd3db79,17152,uberlandia,MG
315becaca9ec4555b32a102933bd6e33,01659,sao paulo,SP
2624e279d21d415b976e7b265a8d7f6a,79204,ribeirao preto,SP
a9a8cf36d7f34048ab352fa53fb94c74,71405,olinda,PE
d9502ba7344642fba25ed2a342d9aaca,40936,rio de janeiro,RJ
121d3d24295e4c78909f4da1d81d5fe5,99080,campinas,SP
3ff44fe80b764f6e9b4cac8450f895bf,96150,jaboatao,PE
92e2627b40e44422994f7d7adf43e228,28752,guarulhos,SP
ee54d9f7fb0f482f857b53e234b641ed,85663,canoas,RS
c037dee5be264ddd957be0a348fdbb29,22096,uberlandia,MG
7751522966114e558ce0ffb758002fad,29939,campinas,SP
58e7b860ac2a44cdb571a05bd3c56acd,34127,ribeirao preto,SP
b63b4af90d844f4fbb21cbbfbda3723c,16023,campinas,SP
d1c8e64d33e548acb4b36356790c2648,88946,uberlandia,MG
8cb1dde61cfe429e9d262d6d26bce26c,99440,rio de janeiro,RJ
4b1ff654eaf54f5c905999de81db5504,61458,ribeirao preto,SP
420ba6058488406da83885e57d52e675,39096,belem,PA
2d443c3e4964457180475a59aad87872,33858,sao paulo,SP
48418c7e524848c88aa838fd268c06b4,26875,sao paulo,SP
d3982e334dd1456894774ca481d28bbd,64857,ribeirao preto,SP
0f05f446cb33459fa28b240afbf6ab82,47810,guarulhos,SP
afca332b0d61478db92228501c8c3ffc,88988,campo grande,MS
db094d057e07483dbf1764787b52dec6,14113,campinas,SP
46ebe10996a54f74aae9bfd84d3a98e1,82201,guarulhos,SP
7e79da4fe1ce4f4991e9233e2c1e7eb8,26362,brasilia,DF
7191bd71cc6c41ce9c8f6b909e6ab339,64682,contagem,MG
d661650fc78541608b24702f0bdcb792,44036,santos,SP
827fc0eb22c04c4d88afc8617bd66640,91892,aparecida de goiania,GO
f93f3798a8a743b6a34eaec11eb09641,75128,londrina,PR
63ac937b2c8841d483a91891cd9f6134,48774,ribeirao preto,SP
279ec28e5d5a4631bbab81e7cec05376,57139,contagem,MG
57ee0d7209e441ddb5d5ac15d1782688,01633,vitoria,ES
0e5ee88970e946a694df1b8378c2bfad,33266,nova iguacu,RJ
7b74264aa7194162a1e1d2abdf548aa7,94349,londrina,PR
cf3315874a2e4c9fb680515db49fa210,37264,anindeua,PA
0795ece526d241af80b936355fa21ab9,18603,pelotas,RS
7d9c1052c5ff43b9ae454e99489ea79a,63908,guarulhos,SP
6d219c44f3c44afa911ff22b2dcae41c,59373,santos,SP
4974108b37854673b3b1f5a543d6aadf,41038,contagem,MG
44399deb84964af1a16194eb364699d1,73308,santos,SP
78bd766cac274198a991db95d6efe016,24038,fortaleza,CE
a4c1c651826248d09191eb344126cb4f,11744,ribeirao preto,SP
f5c0ad900b1e42308949f76818fdf8e7,19350,nova iguacu,RJ
3f1bb47910ed4e919046b69c653a68dd,35502,caxias do sul,RS
da31cb5c1154469297781ab14e8e36ed,96345,rio de janeiro,RJ
c7d2440839bb415589692360eb254e15,03441,sao paulo,SP
e6e85acf68bd4489816a23063346b1a2,83788,ribeirao preto,SP
14905ef5c7f249d6ad8ef51e9864dadb,77269,belo horizonte,MG
b7d0d535a55c476d94e17ba7e85e4469,78337,brasilia,DF
6609ef4ab29f439fa81fa7e7dbb83fd3,05804,caxias do sul,RS
086f432621bc4683b6b1d917f8cacd1d,35159,ribeirao preto,SP
7a360b9beb6e4bda8d4ed571b49bcc73,71736,ribeirao preto,SP
459aaa24bcd34abbaeae26b2ab9f4152,86709,joinville,SC
de2da4ae83744807b95a1c2b2880cde2,48948,recife,PE
e3e9dfba1593476eaaeb2208839221a2,30269,santos,SP
05f46609f06b46789bcdfc820c96eb2f,18548,pelotas,RS
e7144d3eea63470c967754fc3ca9ffc4,66683,santos,SP
8906cdd2088c49f289894533e955fe19,53007,rio de janeiro,RJ
5c9a3adbfe0d4efb800a66009355f69e,66820,feira de santana,BA
6d8c9389ca234c9e96b314764d09d953,87858,sao paulo,SP
ad6cc979520546ac84dd02930f5bdbca,81482,niteroi,RJ
9014a5e1e58941b684e60fe5eed95221,68388,campinas,SP
e03ef0a2417a44a5a96883883228269a,59487,campinas,SP
c10f27048def404296ee452d05b27746,24480,uberlandia,MG
cbe87cbf0d7c4f2bbbe52795cb88ee1d,75162,ribeirao preto,SP
d4c6a29eda6e46198519e58d1d6a90fa,97458,uberlandia,MG
8a34bb2228164f1c8f893ddce7f417bb,48028,santos,SP
cecd48f857eb43059375076327eb134c,29681,belo horizonte,MG
ab1ad00d2ef7464fbb110a8dfa046a6d,31375,santos,SP
7af20b5dcbb24c46a1c627ea62acda2f,35649,curitiba,PR
a1c57c90b7e445fcad53cb3a20600957,31673,contagem,MG
488234edc7324640b5ac71add9b0b72f,88632,belem,PA
d9dadaef965b4a2dba99bfcf2232cf84,68880,vitoria,ES
7f3f244188a64de6b0d10ef0278e2cd3,51868,guarulhos,SP
1038db0cb2e14ab4a051735eb3886647,60591,santos,SP
14cdba0628044600a1db6e8a6b7e7a8e,06230,belo horizonte,MG
32cb7d012cdb4508ae4ca9502b0027fa,14529,contagem,MG
81914e4d00ba4aad94371a57c77bce96,84042,ribeirao preto,SP
d4e9a881201d416b8c9d32532389cdac,98243,guarulhos,SP
c9f385519c824a949f5f9a80217e1584,76842,contagem,MG
f92a4f15708542d89942b490269037bc,75732,serra,ES
ad6242aec0a1474993d60a6cc17f2586,50369,goiania,GO
5066c15e9ddc42539647077f2407edde,48880,santos,SP
4f60667c073440dcb507f3cf627f775d,86634,ribeirao preto,SP
1836562282334df5a39f962f8a02c61e,68720,sao paulo,SP
4ba3a05ebd814db4954ded727b87fa21,50326,nova iguacu,RJ
ead0037187ca4a898cc9e654c537e320,68681,londrina,PR
6a7822b768324430a210304b98fed79e,47255,joinville,SC
d1d2f570095247f2a0b11157a72b29f4,64813,nova iguacu,RJ
7e6e5f9132bf49fa82b7267248d7bbf3,80195,santos,SP
5179cc2afddd41f2988e3c13b743a607,66776,sao paulo,SP
f55027994840428d84f0cf49c2a470ee,58658,recife,PE
1c6bf75c048c46b38a1f02894a667bbf,31145,campinas,SP
4f9130e205c7401aa266fa05cd544744,68441,sao paulo,SP
ff356cb44cca400f8ce5bc5bbb1f7226,28723,maringa,PR
0f39fcbeb8e9478ebf70a6386fc480c3,25498,londrina,PR
61938e51fa4a420082451cfb7e004fce,48477,vitoria,ES
a87ce113b07a429e867d024781abb377,95018,ribeirao preto,SP
949a05fc70d6476e92d083c1cc8c549d,87652,rio de janeiro,RJ
e604882bf77342479f4734fca59ed629,55344,niteroi,RJ
59188db268d041bd87a9f63e787b335e,95405,vila velha,ES
ae7a997255c241f886d1f34fa9200680,64113,curitiba,PR
ea9b1e18cf47454dae43efa089f0bb04,63759,vitoria da conquista,BA
8a5c7ec2a4f4448ca0fba5648a98795b,28617,santos,SP
9a9605850a1f4ec0a223b1badc2145b0,22134,blumenau,SC
93d6223807fb4ba28ff571ef6cb50794,03942,duque de caxias,RJ
e0e952d8725e4a02a0f5fa29ea879a59,06655,campinas,SP
b7d9d1cb0bcc46f6acc1126f527b1975,76168,campinas,SP
81e990cf67fc4a62b026fc6b32f7904e,18658,caxias do sul,RS
0a3617593fb0491c9747480c73c7e8e9,06136,ribeirao preto,SP
be5964c518424ea8bdeda19039538f54,08328,brasilia,DF
87329b6c71e44e33a1610c200a0fc082,34850,londrina,PR
170b886701eb4298a123df7f38f3d9f7,68717,campinas,SP
3c3bd976b1a44fd49d6ced1dd214ca22,79558,canoas,RS
59783f74a54f40a8991858421f88c9d5,84574,ribeirao preto,SP
774036e0c51c456cb7c0943fb0f9db04,95312,rio de janeiro,RJ
bedde380a48b497989732f7bbc56230a,12239,contagem,MG
9c8bf54c04b249948b54f86d72588472,59877,brasilia,DF
b4937c5d23c5479098444b364c46d193,64133,duque de caxias,RJ
39a66a8526a642c6bb0ad4e33c1d239c,29752,florianopolis,SC
25f6becdb94840ad91472e3957ddafca,79753,joinville,SC
ee15fc0766fb482e863a57a9abaa26a6,77368,campinas,SP
7df9f7fcbe48421497fb75ec588d5ddb,82685,niteroi,RJ
dabf7605cf05416cab3cb9824c2ffecd,22983,pelotas,RS
f13a16838e6d446eab348853b3607702,60437,guarulhos,SP
ee47798c38c5437eb6017f998f3eba57,31122,goiania,GO
079dc5954d714d80967dcd936c60e9f3,51523,ponta grossa,PR
19bdb248bf08443da494224e2d6c61d3,15230,campinas,SP
